Steve,Carpenter
Alan,Greene
Antonio,Day
Martin,Mccoy
Jonathan,Sanchez
Antonio,Woods
Robert,Chapman
Matthew,Woods
Paul,Stephens
David,Bell
Thomas,West
William,Warren
Jimmy,Riley
Eugene,Boyd
Ronald,Day
John,Shaw
Eric,Brooks
Philip,Ortiz
Lawrence,Carroll
Jeffrey,Bowman
Frank,James
Carl,Gray
Jose,Rose
Dennis,Garcia
Jeffrey,Reid
Antonio,Nelson
Roy,Alexander
Charles,Butler
Albert,Cooper
Phillip,Diaz
Patrick,Palmer
Roy,Tucker
Richard,Carroll
Bruce,Carter
Joe,Harris
Alan,Montgomery
Edward,Hamilton
Harold,Ray
Frank,Evans
Thomas,Harper
